anchor_gene,CV_cross_cancer,category
ST6GAL1,0.23885748962973583,pan_cancer
ST3GAL4,0.2594312016864238,pan_cancer
ST6GALNAC1,0.921440419192823,intermediate
ST6GALNAC2,0.7445086740053654,intermediate
CD8A,0.4245545375772545,pan_cancer
CD274,0.3808165498457152,pan_cancer
STAT1,0.10628464276957791,pan_cancer
VIM,0.1556708209125283,pan_cancer
CDH2,0.6404995176442932,intermediate
CDH1,0.4481824099864622,pan_cancer
MUC1,0.5537015126157558,intermediate
CD44,0.2467583104483382,pan_cancer
