stratum,n,c_index,full_cohort_c_index
Double-Hi,91,0.6489088575096277,0.6088242090979658
Double-Lo,1085,0.606953737816375,0.6088242090979658
All,1176,0.6088242090979658,0.6088242090979658
